density,dual2,n,dsrse_lp_adaptive_failed_solves,lp_cons_status,mu_pes_bound,cdsrse_lp_adaptive_failed_solves,instance_id,dsrse_ratio,lp_orig,cdsrse_weight,cdsrse_ratio,dist_type,dsrse_lp_adaptive_total_solves,n_base,dual1,lp_orig_status,opt_mc,length,cdsrse_lp_adaptive,sdp_orig,lp_cons,m_base,dsrse_lp_adaptive,alpha_pes_over_pstar,p_star,m,cdsrse_lp_adaptive_total_solves,dsrse_weight,weight_mode,alpha_pes,alpha_over_opt,alpha_pes_over_pstar_over_opt,lp_cons_over_opt,lp_orig_over_opt,sdp_orig_over_opt,dual1_over_opt,dual2_over_opt,mu_pes_bound_over_opt,cdsrse_w_over_opt,cdsrse_r_over_opt,dsrse_w_over_opt,dsrse_r_over_opt,cdsrse_lp_adaptive_over_opt,dsrse_lp_adaptive_over_opt,alpha_gap,alpha_pes_over_pstar_gap,lp_cons_gap,lp_orig_gap,sdp_orig_gap,dual1_gap,dual2_gap,mu_pes_bound_gap,cdsrse_w_gap,cdsrse_r_gap,dsrse_w_gap,dsrse_r_gap,cdsrse_lp_adaptive_gap,dsrse_lp_adaptive_gap
dense,9.723133076741629,80,0,OPTIMAL,68.1655862647465,0,1,6.387604486437198,NaN,6.034760710480554,6.034760710480554,uniform,0,80,10.171153627563225,SKIPPED_LARGE,7.329828423938649,short,NaN,NaN,6.673303182667168,120,NaN,656.3988782884397,0.01,120,0,6.471655474409443,uniform01,6.5639887828843975,0.8955173850245828,89.55173850245828,0.9104310219421617,NaN,NaN,1.387638705749923,1.3265157810497492,9.299751961740741,0.823315412236867,0.823315412236867,0.8829204587209055,0.8714534798080374,NaN,NaN,0.10448261497541722,88.55173850245828,0.08956897805783826,NaN,NaN,0.3876387057499231,0.3265157810497492,8.299751961740741,0.176684587763133,0.176684587763133,0.11707954127909448,0.12854652019196255,NaN,NaN
sparse,7.88244349333129,40,0,OPTIMAL,25.92642282710033,0,1,5.177024447285689,NaN,5.3408626267120605,4.897128129958703,uniform,0,80,8.751707018731663,SKIPPED_LARGE,5.886303258859684,short,NaN,NaN,5.512012972874892,120,NaN,298.80570660160004,0.016,120,0,5.571259875827167,uniform01,4.780891305625601,0.8122060817083645,50.76288010677278,0.9364133532499478,NaN,NaN,1.4867917322402917,1.339116105081257,4.4045339981553875,0.9073373205285233,0.8319530806687306,0.9464785674169379,0.8795035219249986,NaN,NaN,0.1877939182916355,49.76288010677278,0.06358664675005221,NaN,NaN,0.4867917322402917,0.339116105081257,3.4045339981553875,0.09266267947147666,0.16804691933126936,0.05352143258306208,0.12049647807500141,NaN,NaN
dense,7.541320490859702,80,0,OPTIMAL,56.80486846414829,0,1,4.819435951642658,NaN,4.2656140577212085,4.393921431441229,uniform,0,80,9.02707390624506,SKIPPED_LARGE,5.1811442360341955,long,NaN,NaN,4.751143531460547,120,NaN,1413.6075873548014,0.003,240,0,4.694947400566262,uniform01,4.240822762064404,0.818510847964823,272.8369493216076,0.9170066137933298,NaN,NaN,1.7422934963792196,1.4555318569227975,10.963768981584742,0.823295755415263,0.8480600483734978,0.9061603357639618,0.9301875670868411,NaN,NaN,0.18148915203517701,271.8369493216076,0.08299338620667018,NaN,NaN,0.7422934963792196,0.4555318569227975,9.963768981584742,0.176704244584737,0.1519399516265022,0.09383966423603818,0.06981243291315886,NaN,NaN
sparse,6.314014256136938,40,0,OPTIMAL,24.357570899949945,0,1,3.8317386799473216,NaN,3.69142973969984,3.057024740255145,uniform,0,80,7.683706388737953,SKIPPED_LARGE,4.117112138055071,long,NaN,NaN,3.7446216539059995,120,NaN,570.621509603019,0.006,240,0,3.855783477970284,uniform01,3.4237290576181145,0.8315850875112399,138.59751458520665,0.909526271896729,NaN,NaN,1.8662854280106504,1.5336026915020309,5.916178642502677,0.8966065571980452,0.7425167539155947,0.9365262224292392,0.9306860127830863,NaN,NaN,0.16841491248876006,137.59751458520665,0.09047372810327103,NaN,NaN,0.8662854280106504,0.5336026915020309,4.916178642502677,0.10339344280195484,0.2574832460844053,0.06347377757076078,0.06931398721691373,NaN,NaN
dense,10.859265530565194,80,0,OPTIMAL,54.16061904818458,0,2,6.894162470775413,NaN,6.512886180588597,6.1241907869444026,uniform,0,80,12.072467505735727,SKIPPED_LARGE,7.6008004832511356,short,NaN,NaN,7.07526443992583,120,NaN,501.50725870963083,0.013,120,0,7.017298782039502,uniform01,6.519594363225201,0.8577510194605892,65.98084765081455,0.9308578031375302,NaN,NaN,1.5883152744685516,1.4287002473613537,7.125646722017118,0.85686845680796,0.8057297123427276,0.9232315461381445,0.9070311062587624,NaN,NaN,0.14224898053941082,64.98084765081455,0.0691421968624698,NaN,NaN,0.5883152744685516,0.4287002473613537,6.125646722017118,0.14313154319204002,0.1942702876572724,0.07676845386185549,0.09296889374123762,NaN,NaN
sparse,7.171428767673305,40,0,OPTIMAL,23.254845424409,0,2,5.069823904138501,NaN,4.92487930850581,4.82036603280535,uniform,0,80,8.18484551690275,SKIPPED_LARGE,5.355787802447951,short,NaN,NaN,5.184286194489516,120,NaN,299.15582731587403,0.016,120,0,5.014024615547939,uniform01,4.7864932370539846,0.8937047944405563,55.85654965253477,0.9679782668237813,NaN,NaN,1.5282243843121885,1.3390053960680603,4.342002760785256,0.9195433968191967,0.9000293160610513,0.9361880642948917,0.9466065667913981,NaN,NaN,0.10629520555944372,54.85654965253477,0.0320217331762187,NaN,NaN,0.5282243843121885,0.33900539606806035,3.342002760785256,0.08045660318080328,0.0999706839389487,0.06381193570510835,0.053393433208601904,NaN,NaN
dense,8.691205479516482,80,0,OPTIMAL,50.687072630840596,0,2,5.48818087900545,NaN,4.802195777746656,4.7643228271924345,uniform,0,80,10.125712569062847,SKIPPED_LARGE,5.853137209294003,long,NaN,NaN,5.566128718118302,120,NaN,999.8343730844612,0.004,256,0,5.63694197045725,uniform01,3.999337492337845,0.6832810080015601,170.82025200039,0.9509650156979116,NaN,NaN,1.729963301216408,1.484879846267059,8.65981281804846,0.8204481812115062,0.8139776425584768,0.9630633571183905,0.9376477404785504,NaN,NaN,0.3167189919984399,169.82025200039,0.049034984302088414,NaN,NaN,0.729963301216408,0.48487984626705893,7.65981281804846,0.1795518187884938,0.18602235744152318,0.03693664288160947,0.06235225952144963,NaN,NaN
sparse,5.718853877543523,40,0,OPTIMAL,19.194189437190275,0,2,3.037319797533954,NaN,2.5667530205372184,1.9535760408658713,uniform,0,80,6.24251222738334,SKIPPED_LARGE,3.86196982197173,long,NaN,NaN,3.7838978438612294,120,NaN,398.80576172413686,0.007,256,0,3.5337616405467367,uniform01,2.7916403320689582,0.7228539995798531,103.26485708283614,0.9797844152830172,NaN,NaN,1.6164062680832196,1.4808126788064233,4.970051637376772,0.6646227544126074,0.5058496391534392,0.9150153428031121,0.7864690656705468,NaN,NaN,0.2771460004201469,102.26485708283614,0.020215584716982815,NaN,NaN,0.6164062680832196,0.4808126788064233,3.9700516373767716,0.33537724558739257,0.49415036084656083,0.08498465719688786,0.21353093432945325,NaN,NaN
dense,8.624112666655154,80,0,OPTIMAL,53.017393531608406,0,3,5.470536549536773,NaN,4.082866810026852,4.464755891015771,uniform,0,80,9.802086867595284,SKIPPED_LARGE,5.718283257726125,short,NaN,NaN,5.330719694125754,120,NaN,521.0503085032395,0.009,120,0,5.152364707649821,uniform01,4.689452776529156,0.8200805320710741,91.12005911900823,0.9322237905796773,NaN,NaN,1.7141660225298252,1.5081646497666734,9.27155776342055,0.714002197164749,0.7807860663396343,0.9010334877497234,0.956674635196741,NaN,NaN,0.17991946792892588,90.12005911900823,0.0677762094203227,NaN,NaN,0.7141660225298252,0.5081646497666734,8.27155776342055,0.285997802835251,0.21921393366036568,0.09896651225027664,0.04332536480325899,NaN,NaN
sparse,5.983807333897866,40,0,OPTIMAL,22.008312312128286,0,3,3.828829588486408,NaN,3.3955092847286745,3.564863112772143,uniform,0,80,6.632792880307621,SKIPPED_LARGE,4.059762392174098,short,NaN,NaN,3.8305309354682358,120,NaN,295.12361013166816,0.012,120,0,3.827803576355495,uniform01,3.5414833215800177,0.8723375851766217,72.69479876471848,0.9435357455530536,NaN,NaN,1.6337884436521433,1.473930431355466,5.421083843368065,0.8363812845978653,0.8780964914705452,0.9428639429081506,0.9431166700462931,NaN,NaN,0.12766241482337826,71.69479876471848,0.05646425444694636,NaN,NaN,0.6337884436521433,0.473930431355466,4.421083843368065,0.16361871540213468,0.12190350852945475,0.057136057091849435,0.05688332995370693,NaN,NaN
dense,6.974405948322073,80,0,OPTIMAL,43.01713035606339,0,3,3.8133456699724197,NaN,2.880774090040764,3.509419133335308,uniform,0,80,9.26517809862063,SKIPPED_LARGE,4.08505112671171,long,NaN,NaN,3.7601132635494436,120,NaN,911.9720113779643,0.004,264,0,3.53863554217741,uniform01,3.6478880455118574,0.8929846732293533,223.2461683073383,0.9204568429908913,NaN,NaN,2.268069067247807,1.707299549500662,10.530377471845824,0.705199029506312,0.8590881789428764,0.8662402090976666,0.9334878687410698,NaN,NaN,0.10701532677064673,222.2461683073383,0.07954315700910874,NaN,NaN,1.268069067247807,0.707299549500662,9.530377471845824,0.29480097049368803,0.14091182105712363,0.13375979090233336,0.06651213125893018,NaN,NaN
sparse,4.846539220074043,40,0,OPTIMAL,17.399350933719216,0,3,2.9063651879567,NaN,2.2475792125984273,2.6022709600963414,uniform,0,80,6.354837459230527,SKIPPED_LARGE,3.00395371483718,long,NaN,NaN,2.65031376717018,120,NaN,867.4236533654454,0.003,264,0,2.6062674939335015,uniform01,2.602270960096336,0.8662819760647956,288.7606586882652,0.8822751675832102,NaN,NaN,2.115491136844953,1.6133867829374111,5.79215014125552,0.748207005153623,0.8662819760647974,0.8676124006373933,0.9675133054153034,NaN,NaN,0.13371802393520438,287.7606586882652,0.11772483241678977,NaN,NaN,1.1154911368449532,0.6133867829374111,4.79215014125552,0.25179299484637696,0.1337180239352026,0.1323875993626067,0.03248669458469655,NaN,NaN
dense,10.471742508730047,80,0,OPTIMAL,49.06481811109698,0,4,6.093389952518943,NaN,5.235960764718923,5.223316901252381,uniform,0,80,10.880825359753619,SKIPPED_LARGE,7.206237991956847,short,NaN,NaN,6.362945641679491,120,NaN,349.17406907376716,0.015,120,0,6.381570621579784,uniform01,5.237611036106507,0.7268162725061817,48.45441816707878,0.8829774493683685,NaN,NaN,1.5099175702909224,1.4531496906455146,6.808659131971504,0.726587266554751,0.7248326945463529,0.8855620128980607,0.8455715672060795,NaN,NaN,0.27318372749381825,47.45441816707878,0.11702255063163147,NaN,NaN,0.5099175702909224,0.4531496906455146,5.808659131971504,0.27341273344524897,0.2751673054536471,0.11443798710193931,0.1544284327939205,NaN,NaN
sparse,7.33697995349495,40,0,OPTIMAL,22.46792004051743,0,4,4.009882262826594,NaN,3.688360381348923,3.3345952464737656,uniform,0,80,7.988763343077599,SKIPPED_LARGE,5.2287971765790155,short,NaN,NaN,4.916261348184944,120,NaN,290.3556124236748,0.014,120,0,4.2463668960501755,uniform01,4.064978573931447,0.777421352684977,55.53009662035551,0.9402279687202267,NaN,NaN,1.5278395916485548,1.4031869483021773,4.2969576523557675,0.7053936606816453,0.6377365833599712,0.8121116105001412,0.7668842617930905,NaN,NaN,0.22257864731502297,54.53009662035551,0.05977203127977326,NaN,NaN,0.5278395916485548,0.4031869483021773,3.2969576523557675,0.29460633931835467,0.3622634166400288,0.18788838949985875,0.23311573820690945,NaN,NaN
dense,8.557626075939002,80,0,OPTIMAL,58.39516687349034,0,4,4.7331969450612785,NaN,4.4920052771986265,4.4920052771986265,uniform,0,80,10.052268519585853,SKIPPED_LARGE,5.381972467916246,long,NaN,NaN,4.725527456877812,120,NaN,913.1777318569334,0.005,257,0,4.92010626488105,uniform01,4.565888659284667,0.8483671528428415,169.6734305685683,0.8780289169162933,NaN,NaN,1.8677666189321511,1.5900538560823003,10.85014225204674,0.8346392152648467,0.8346392152648467,0.9141827265396587,0.8794539498812866,NaN,NaN,0.15163284715715852,168.6734305685683,0.12197108308370674,NaN,NaN,0.8677666189321511,0.5900538560823003,9.85014225204674,0.16536078473515325,0.16536078473515325,0.08581727346034129,0.12054605011871344,NaN,NaN
sparse,5.921776280516268,40,0,OPTIMAL,24.136616172598966,0,4,3.34594980013096,NaN,3.444751597454292,3.3345952464737656,uniform,0,80,7.121185537820078,SKIPPED_LARGE,3.9563372574762297,long,NaN,NaN,3.783017342186853,120,NaN,833.6488116184396,0.004,257,0,3.595482726045621,uniform01,3.3345952464737585,0.84284908728962,210.712271822405,0.9561918249103115,NaN,NaN,1.7999440073930206,1.4967824771070715,6.100747889222127,0.8706921006152339,0.8428490872896218,0.9087907557049877,0.8457190533512203,NaN,NaN,0.15715091271037995,209.712271822405,0.043808175089688484,NaN,NaN,0.7999440073930206,0.49678247710707146,5.100747889222127,0.12930789938476606,0.15715091271037818,0.09120924429501232,0.15428094664877967,NaN,NaN
dense,8.126184390714803,80,0,OPTIMAL,49.80894335034074,0,5,5.281018235262275,NaN,4.53243368360443,3.716219958291481,uniform,0,80,8.34555896041564,SKIPPED_LARGE,5.874559157341029,short,NaN,NaN,5.699227997757237,120,NaN,318.6717363137928,0.013,120,0,5.337345585499136,uniform01,4.142732572079306,0.7051988857585034,54.246068135269496,0.9701541588248895,NaN,NaN,1.4206272737907109,1.383284119381124,8.47875423777084,0.7715359675867017,0.6325955461096309,0.9085525300786913,0.8989641765140713,NaN,NaN,0.2948011142414966,53.246068135269496,0.029845841175110466,NaN,NaN,0.42062727379071085,0.38328411938112406,7.47875423777084,0.22846403241329827,0.36740445389036913,0.0914474699213087,0.10103582348592866,NaN,NaN
sparse,5.691718091390606,40,0,OPTIMAL,21.028853790052032,0,5,3.6243716230735368,NaN,2.4512147142835077,2.8767495784778503,uniform,0,80,5.923448748026527,SKIPPED_LARGE,4.262972064826626,short,NaN,NaN,4.209357802128762,120,NaN,290.13606337996845,0.009,120,0,3.8061207804469763,uniform01,2.611224570419716,0.6125361674228831,68.05957415809812,0.9874232667062892,NaN,NaN,1.38951150932945,1.3351525660588832,4.932909123087878,0.5750013551597594,0.6748225263340651,0.8928326816520601,0.8501983048347606,NaN,NaN,0.3874638325771169,67.05957415809812,0.012576733293710785,NaN,NaN,0.3895115093294499,0.3351525660588832,3.932909123087878,0.42499864484024064,0.32517747366593486,0.10716731834793991,0.14980169516523945,NaN,NaN
dense,6.046967877598577,80,0,OPTIMAL,39.876809423089355,0,5,3.5537914906565,NaN,3.212633059500201,3.212633059500201,uniform,0,80,7.289252641136223,SKIPPED_LARGE,3.993533673084223,long,NaN,NaN,3.5663171693528537,120,NaN,587.363917856806,0.006,270,0,3.629161986869495,uniform01,3.524183507140836,0.8824724656494743,147.0787442749124,0.8930229369015367,NaN,NaN,1.825263848471998,1.5141897809336557,9.98534448121789,0.8044587381728701,0.8044587381728701,0.9087595808517818,0.8898864468349135,NaN,NaN,0.11752753435052565,146.0787442749124,0.10697706309846333,NaN,NaN,0.8252638484719981,0.5141897809336557,8.98534448121789,0.19554126182712994,0.19554126182712994,0.09124041914821823,0.11011355316508653,NaN,NaN
sparse,4.1465068012531425,40,0,OPTIMAL,13.973794694782104,0,5,2.1109145992684875,NaN,1.9577535300917057,1.7891758316409934,uniform,0,80,5.191148528820521,SKIPPED_LARGE,2.7442598261651145,long,NaN,NaN,2.433817786911921,120,NaN,411.90645002874714,0.004,270,0,2.442313919786346,uniform01,1.6476258001149886,0.6003898699407829,150.09746748519572,0.8868758576380824,NaN,NaN,1.891638859894232,1.510974566518199,5.092008621614147,0.7133994789507636,0.651970274309348,0.8899718228209047,0.769210910403598,NaN,NaN,0.3996101300592171,149.09746748519572,0.11312414236191759,NaN,NaN,0.891638859894232,0.5109745665181991,4.092008621614147,0.2866005210492364,0.34802972569065205,0.1100281771790953,0.230789089596402,NaN,NaN
dense,10.67574091432385,80,0,OPTIMAL,63.04882266338829,0,6,6.83129918653022,NaN,6.244001370734086,6.244908048509667,uniform,0,80,10.965678800787236,SKIPPED_LARGE,7.622734640985174,short,NaN,NaN,7.2077518815053,120,NaN,620.1931521947108,0.01,120,0,6.925235490595115,uniform01,6.201931521947108,0.813609788880905,81.3609788880905,0.9455598575806856,NaN,NaN,1.4385491975318212,1.4005132563481313,8.271155383580265,0.819128785772228,0.8192477296707479,0.908497516542185,0.8961743400852968,NaN,NaN,0.18639021111909504,80.3609788880905,0.054440142419314386,NaN,NaN,0.4385491975318212,0.4005132563481313,7.271155383580265,0.18087121422777197,0.18075227032925212,0.09150248345781498,0.10382565991470316,NaN,NaN
sparse,6.913430717805541,40,0,OPTIMAL,21.95826801146953,0,6,4.380127847846854,NaN,3.8736043547113628,3.737688092512486,uniform,0,80,7.456621837593297,SKIPPED_LARGE,4.614956140638195,short,NaN,NaN,4.6062937356555,120,NaN,342.4691258052849,0.011,120,0,4.5030930035055885,uniform01,3.7671603838581333,0.816293864785718,74.208533162338,0.9981229713308831,NaN,NaN,1.6157513983571972,1.4980490620327964,4.758066456604062,0.8393588664042403,0.8099076087851199,0.9757607366736237,0.9491158126675356,NaN,NaN,0.18370613521428203,73.208533162338,0.0018770286691168758,NaN,NaN,0.6157513983571972,0.4980490620327964,3.7580664566040616,0.1606411335957597,0.19009239121488009,0.02423926332637627,0.05088418733246436,NaN,NaN
dense,8.823596623366313,80,0,OPTIMAL,56.96656317559962,0,6,5.139286797805834,NaN,4.521526682138857,4.452550620454356,uniform,0,80,10.362105696356325,SKIPPED_LARGE,5.713528633263552,long,NaN,NaN,5.126700665892993,120,NaN,1484.1835401514513,0.003,299,0,5.050400844168893,uniform01,4.452550620454354,0.7792996073445894,259.76653578152974,0.897291497945051,NaN,NaN,1.8136087804004788,1.544334016634883,9.970469535051665,0.7913720176030996,0.7792996073445896,0.883937259851294,0.8994943628855654,NaN,NaN,0.22070039265541064,258.76653578152974,0.10270850205494897,NaN,NaN,0.8136087804004788,0.5443340166348829,8.970469535051665,0.2086279823969004,0.22070039265541042,0.11606274014870599,0.10050563711443461,NaN,NaN
sparse,5.801408851322443,40,0,OPTIMAL,23.393247363627836,0,6,3.5579860357219575,NaN,3.610078956711954,3.3992711102500666,uniform,0,80,7.396583375748732,SKIPPED_LARGE,3.8373652031077756,long,NaN,NaN,3.707318845588909,120,NaN,722.0157913423893,0.005,299,0,3.741964153974758,uniform01,3.6100789567119467,0.9407702331246043,188.15404662492085,0.966110507956463,NaN,NaN,1.927516143044828,1.5118208834082414,6.096174360647846,0.9407702331246062,0.8858346626735165,0.9751389184809007,0.9271950537416775,NaN,NaN,0.05922976687539572,187.15404662492085,0.03388949204353697,NaN,NaN,0.927516143044828,0.5118208834082414,5.096174360647846,0.05922976687539383,0.11416533732648348,0.02486108151909927,0.07280494625832246,NaN,NaN
dense,9.61449919562902,80,0,OPTIMAL,65.29790791757854,0,7,6.713107943287167,NaN,5.719082984205622,5.9405948638333035,uniform,0,80,10.166951236842168,SKIPPED_LARGE,7.136924218488278,short,NaN,NaN,6.936380385113783,120,NaN,587.5850681950747,0.01,120,0,6.559539140272331,uniform01,5.875850681950746,0.8233029386425728,82.33029386425729,0.9719005236380424,NaN,NaN,1.4245564231303693,1.3471488418950222,9.149306608640122,0.8013372160223136,0.8323746591625745,0.9190988918279075,0.9406163968922061,NaN,NaN,0.17669706135742724,81.33029386425729,0.028099476361957643,NaN,NaN,0.42455642313036934,0.34714884189502215,8.149306608640122,0.19866278397768644,0.16762534083742553,0.0809011081720925,0.05938360310779389,NaN,NaN
sparse,7.068929209184778,40,0,OPTIMAL,20.771167902989806,0,7,4.372604525849018,NaN,3.8213155782694668,3.278283531460202,uniform,0,80,7.40531460730512,SKIPPED_LARGE,5.08799621889899,short,NaN,NaN,4.903461173980665,120,NaN,489.6636503933305,0.006,120,0,4.737155705627949,uniform01,2.937981902359983,0.5774339791069545,96.23899651782575,0.9637312928353045,NaN,NaN,1.4554481349256156,1.3893346034589722,4.082386662520861,0.7510452865659509,0.6443172106306325,0.9310454453625832,0.8593961822548724,NaN,NaN,0.4225660208930455,95.23899651782575,0.036268707164695546,NaN,NaN,0.45544813492561564,0.3893346034589722,3.082386662520861,0.24895471343404907,0.3556827893693675,0.06895455463741684,0.14060381774512765,NaN,NaN
dense,7.459327390059646,80,0,OPTIMAL,49.955877241128476,0,7,4.606991975217237,NaN,3.437610260805862,3.591459289387481,uniform,0,80,8.868367272136462,SKIPPED_LARGE,5.1011851420985295,long,NaN,NaN,5.006568134337273,120,NaN,627.6316723784371,0.006,289,0,4.509406060274131,uniform01,3.7657900342706228,0.7382186549538661,123.03644249231101,0.9814519557464381,NaN,NaN,1.7384915514923236,1.462273409467162,9.792994343384603,0.6738846297571736,0.704044097468304,0.8839918439853073,0.9031218916555553,NaN,NaN,0.26178134504613393,122.03644249231101,0.018548044253561935,NaN,NaN,0.7384915514923236,0.4622734094671621,8.792994343384603,0.32611537024282644,0.295955902531696,0.11600815601469272,0.09687810834444466,NaN,NaN
sparse,5.258433951114917,40,0,OPTIMAL,18.746141987963412,0,7,2.9426487953028717,NaN,2.6846336121875773,2.691448676400345,uniform,0,80,6.232632896085431,SKIPPED_LARGE,3.2638415931577978,long,NaN,NaN,3.045604466673005,120,NaN,1222.0540750503635,0.002,289,0,2.926570783631067,uniform01,2.444108150100727,0.7488439865539029,374.42199327695147,0.9331348902035267,NaN,NaN,1.9096003032596014,1.6111180034406425,5.743582049834209,0.8225379619573292,0.8246260118881391,0.8966644673461563,0.9015905678362997,NaN,NaN,0.25115601344609706,373.42199327695147,0.06686510979647331,NaN,NaN,0.9096003032596014,0.6111180034406425,4.743582049834209,0.1774620380426708,0.1753739881118609,0.10333553265384365,0.09840943216370035,NaN,NaN
dense,9.56451723643844,80,0,OPTIMAL,50.7185328423871,0,8,5.97158233106553,NaN,4.3292322475095535,4.325702651893542,uniform,0,80,9.90343793943681,SKIPPED_LARGE,7.15341656326136,short,NaN,NaN,6.644159472562162,120,NaN,406.7898618244516,0.013,120,0,5.996958968854006,uniform01,5.2882682037178705,0.739264679604631,56.86651381574085,0.9288092499303551,NaN,NaN,1.3844346756344452,1.3370558182729149,7.090113149969235,0.6051978392735716,0.6047044253104957,0.8383349293054302,0.8347874443289778,NaN,NaN,0.26073532039536895,55.86651381574085,0.07119075006964493,NaN,NaN,0.3844346756344452,0.33705581827291486,6.090113149969235,0.3948021607264284,0.39529557468950427,0.1616650706945698,0.16521255567102222,NaN,NaN
sparse,6.9760958887836395,40,0,OPTIMAL,21.841773041571358,0,8,5.027983507366084,NaN,3.639015019981335,4.042370174054725,uniform,0,80,7.212206556837074,SKIPPED_LARGE,5.268684745897231,short,NaN,NaN,5.078059821268766,120,NaN,371.0296538056007,0.011,120,0,4.998577724031212,uniform01,4.081326191861607,0.7746385272035436,70.42168429123124,0.9638192577802448,NaN,NaN,1.3688817806860205,1.3240678129804568,4.145583593434724,0.6906875615997079,0.7672446481453561,0.9487335008843805,0.9543147388504156,NaN,NaN,0.22536147279645635,69.42168429123124,0.0361807422197552,NaN,NaN,0.3688817806860205,0.32406781298045684,3.145583593434724,0.3093124384002921,0.2327553518546439,0.051266499115619535,0.04568526114958438,NaN,NaN
dense,7.797216653069758,80,0,OPTIMAL,44.11088111809688,0,8,4.454328888575187,NaN,4.130563844460776,4.074484252544291,uniform,0,80,9.384695921219485,SKIPPED_LARGE,4.925100547191059,long,NaN,NaN,4.385024232302264,120,NaN,1321.8607991133988,0.003,262,0,4.343071723369695,uniform01,3.9655823973401967,0.805177957148894,268.3926523829646,0.8903420732807541,NaN,NaN,1.9054831127400789,1.5831588773384042,8.956341235156044,0.8386760442518413,0.8272895575437741,0.8818239712581475,0.9044137974230053,NaN,NaN,0.19482204285110605,267.3926523829646,0.1096579267192459,NaN,NaN,0.9054831127400789,0.5831588773384042,7.956341235156044,0.16132395574815872,0.1727104424562259,0.11817602874185251,0.09558620257699468,NaN,NaN
sparse,5.502618396764226,40,0,OPTIMAL,17.373303905037215,0,8,3.2146061047806738,NaN,2.577952525211795,2.584499622125634,uniform,0,80,6.417626771510848,SKIPPED_LARGE,3.4484680625230326,long,NaN,NaN,3.2475085608552736,120,NaN,597.6182437572497,0.005,262,0,2.919543782813807,uniform01,2.9880912187862485,0.8664981564596673,173.29963129193348,0.9417249926563829,NaN,NaN,1.8610080346272555,1.595670395375011,5.037977325017253,0.7475645644592879,0.7494631167425441,0.8466205079706483,0.9321838122023214,NaN,NaN,0.13350184354033268,172.29963129193348,0.058275007343617125,NaN,NaN,0.8610080346272555,0.5956703953750111,4.037977325017253,0.2524354355407121,0.25053688325745593,0.15337949202935175,0.06781618779767862,NaN,NaN
dense,8.527072420178525,80,0,OPTIMAL,46.930362825575,0,9,5.433029681689468,NaN,4.000820145387856,4.731859721827925,uniform,0,80,8.97732171958146,SKIPPED_LARGE,6.023890633792984,short,NaN,NaN,5.865599665910892,120,NaN,369.9762679732188,0.013,120,0,5.130868106862076,uniform01,4.809691483651844,0.7984360567023423,61.418158207872494,0.9737228018393782,NaN,NaN,1.4902863058668825,1.415542369302511,7.790706318986568,0.6641588283399348,0.7855155429421329,0.8517531971909971,0.9019137318348894,NaN,NaN,0.2015639432976577,60.418158207872494,0.026277198160621795,NaN,NaN,0.4902863058668825,0.4155423693025111,6.790706318986568,0.3358411716600652,0.21448445705786712,0.14824680280900293,0.09808626816511057,NaN,NaN
sparse,5.822494145637626,40,0,OPTIMAL,18.58370415755948,0,9,3.8954872385171777,NaN,3.3150573490470885,3.744691487010341,uniform,0,80,6.799794541271471,SKIPPED_LARGE,4.053888246738874,short,NaN,NaN,3.918046762801213,120,NaN,266.27094247999395,0.013,120,0,3.7458827922333255,uniform01,3.461522252239921,0.8538770783887596,65.68285218375074,0.9664910634754329,NaN,NaN,1.6773512557336834,1.436273964957346,4.5841678473769045,0.8177475912696572,0.9237283464887655,0.9240222137960211,0.9609261532186731,NaN,NaN,0.1461229216112404,64.68285218375074,0.0335089365245671,NaN,NaN,0.6773512557336834,0.43627396495734594,3.5841678473769045,0.18225240873034276,0.07627165351123455,0.07597778620397888,0.03907384678132686,NaN,NaN
dense,6.553025073615874,80,0,OPTIMAL,39.593225894288125,0,9,3.5448294864457224,NaN,2.5054257807906697,2.339393074150711,uniform,0,80,7.558589679026832,SKIPPED_LARGE,4.349888299328389,long,NaN,NaN,3.9342059069002886,120,NaN,780.4553845270749,0.004,279,0,3.204827664164859,uniform01,3.1218215381082994,0.7176785524792212,179.4196381198053,0.9044383754653469,NaN,NaN,1.7376514427264391,1.5064812295588472,9.102124737410204,0.575974739668028,0.5378053212336297,0.7367609105410077,0.8149242560994118,NaN,NaN,0.2823214475207788,178.4196381198053,0.09556162453465311,NaN,NaN,0.7376514427264391,0.5064812295588472,8.102124737410204,0.42402526033197196,0.4621946787663703,0.2632390894589923,0.18507574390058823,NaN,NaN
sparse,4.668495476569526,40,0,OPTIMAL,14.078211219846214,0,9,2.78666156191611,NaN,1.9150336542001583,1.951795405500613,uniform,0,80,5.647376233549184,SKIPPED_LARGE,3.1894569025448707,long,NaN,NaN,3.1729781988192745,120,NaN,281.1223917836947,0.008,279,0,2.827752666405792,uniform01,2.2489791342695575,0.7051291812330478,88.14114765413098,0.9948333825384353,NaN,NaN,1.7706388285237957,1.4637274053913472,4.413983838004896,0.600426252090803,0.6119522743647277,0.8865937847128537,0.8737103673332692,NaN,NaN,0.2948708187669522,87.14114765413098,0.00516661746156466,NaN,NaN,0.7706388285237957,0.46372740539134716,3.4139838380048957,0.399573747909197,0.38804772563527234,0.11340621528714634,0.12628963266673077,NaN,NaN
dense,10.211900010062841,80,0,OPTIMAL,61.404121114835746,0,10,5.391750685091373,NaN,5.801165502612852,4.889089392859096,uniform,0,80,11.132355339329962,SKIPPED_LARGE,6.742226769249083,short,NaN,NaN,6.179924252643136,120,NaN,444.1406139636827,0.013,120,0,6.408854784128312,uniform01,5.773827981527875,0.8563681079168057,65.8744698397543,0.9165998807440627,NaN,NaN,1.6511392630850106,1.5146182944541027,9.107394814261735,0.8604227803596939,0.7251446087749462,0.950554616964048,0.7996988042115173,NaN,NaN,0.14363189208319427,64.8744698397543,0.08340011925593727,NaN,NaN,0.6511392630850106,0.5146182944541027,8.107394814261735,0.13957721964030612,0.27485539122505376,0.04944538303595203,0.2003011957884827,NaN,NaN
sparse,7.9566811707161875,40,0,OPTIMAL,29.942681747343403,0,10,5.359543565103066,NaN,4.928282813990511,4.923975744989522,uniform,0,80,8.524356854991595,SKIPPED_LARGE,5.46922778426412,short,NaN,NaN,5.077809337901633,120,NaN,304.25143738147887,0.016,120,0,4.805609959151974,uniform01,4.868022998103662,0.890075014266141,55.62968839163381,0.9284325938135795,NaN,NaN,1.558603369842739,1.454808884283241,5.474754924907953,0.901092989428965,0.9003054798991222,0.8786633412816549,0.979945209179871,NaN,NaN,0.109924985733859,54.62968839163381,0.07156740618642055,NaN,NaN,0.5586033698427391,0.45480888428324096,4.474754924907953,0.09890701057103501,0.09969452010087776,0.12133665871834509,0.020054790820128954,NaN,NaN
dense,7.786529342037313,80,0,OPTIMAL,53.41347674923311,0,10,3.856852106317762,NaN,3.833926290895941,3.522486005438842,uniform,0,80,9.174325214823803,SKIPPED_LARGE,4.870329339743022,long,NaN,NaN,4.6100117366735995,120,NaN,698.2693081140673,0.006,231,0,4.404866460798078,uniform01,4.1896158486844035,0.8602325543975358,143.3720923995893,0.9465503080160986,NaN,NaN,1.8837176245883767,1.598768542919145,10.96711803724785,0.7872006230893277,0.7232541702456414,0.9044288699027685,0.7919078643912127,NaN,NaN,0.13976744560246424,142.3720923995893,0.05344969198390137,NaN,NaN,0.8837176245883767,0.5987685429191449,9.96711803724785,0.2127993769106723,0.2767458297543586,0.0955711300972315,0.20809213560878725,NaN,NaN
sparse,6.06199347695716,40,0,OPTIMAL,23.131189635145397,0,10,3.7647914433724625,NaN,3.3966335823924996,2.7813872322148976,uniform,0,80,7.107448467821384,SKIPPED_LARGE,4.000426213136719,long,NaN,NaN,4.030465893882559,120,NaN,1440.2582354155825,0.002,231,0,3.423016977642292,uniform01,2.880516470831165,0.7200523937604545,360.0261968802273,1.0075091200650557,NaN,NaN,1.7766728066328865,1.5153369051154113,5.782181298379284,0.8490679246222647,0.6952727244615324,0.8556630707002386,0.9410975838048276,NaN,NaN,0.2799476062395455,359.0261968802273,0.007509120065055663,NaN,NaN,0.7766728066328865,0.5153369051154113,4.782181298379284,0.15093207537773534,0.30472727553846757,0.14433692929976139,0.05890241619517245,NaN,NaN
